{
    "name": "root",
    "metadata": {
        "timer_format_version": "0.1.0",
        "start_time_seconds": "1751986057",
        "python_version": "3.9.0 (tags/v3.9.0:9cf6752, Oct  5 2020, 15:34:40) [MSC v.1927 64 bit (AMD64)]",
        "command_line_arguments": "C:\\Users\\saigo\\AppData\\Local\\Programs\\Python\\Python39\\Scripts\\mlagents-learn ML/runner_config.yaml --run-id=runner_experiment_1 --force",
        "mlagents_version": "0.30.0",
        "mlagents_envs_version": "0.30.0",
        "communication_protocol_version": "1.5.0",
        "pytorch_version": "2.7.0+cpu",
        "numpy_version": "1.21.2",
        "end_time_seconds": "1751986209"
    },
    "total": 151.8152393,
    "count": 1,
    "self": 0.007052600000008624,
    "children": {
        "run_training.setup": {
            "total": 0.20100929999999906,
            "count": 1,
            "self": 0.20100929999999906
        },
        "TrainerController.start_learning": {
            "total": 151.60717739999998,
            "count": 1,
            "self": 0.0003841000000193162,
            "children": {
                "TrainerController._reset_env": {
                    "total": 19.255836099999996,
                    "count": 1,
                    "self": 19.255836099999996
                },
                "TrainerController.advance": {
                    "total": 132.0910587,
                    "count": 9,
                    "self": 0.00013819999998077037,
                    "children": {
                        "env_step": {
                            "total": 132.0907207,
                            "count": 9,
                            "self": 132.08936909999997,
                            "children": {
                                "SubprocessEnvManager._take_step": {
                                    "total": 0.0012609000000125548,
                                    "count": 9,
                                    "self": 0.0012609000000125548
                                },
                                "workers": {
                                    "total": 9.070000000832579e-05,
                                    "count": 8,
                                    "self": 0.0,
                                    "children": {
                                        "worker_root": {
                                            "total": 54.74992640000001,
                                            "count": 8,
                                            "is_parallel": true,
                                            "self": 3.8949169999999924,
                                            "children": {
                                                "steps_from_proto": {
                                                    "total": 0.002912900000000107,
                                                    "count": 1,
                                                    "is_parallel": true,
                                                    "self": 0.00017600000000150828,
                                                    "children": {
                                                        "_process_rank_one_or_two_observation": {
                                                            "total": 0.002736899999998599,
                                                            "count": 2,
                                                            "is_parallel": true,
                                                            "self": 0.002736899999998599
                                                        }
                                                    }
                                                },
                                                "UnityEnvironment.step": {
                                                    "total": 50.852096500000016,
                                                    "count": 8,
                                                    "is_parallel": true,
                                                    "self": 0.0008826000000397016,
                                                    "children": {
                                                        "UnityEnvironment._generate_step_input": {
                                                            "total": 0.000310499999983449,
                                                            "count": 8,
                                                            "is_parallel": true,
                                                            "self": 0.000310499999983449
                                                        },
                                                        "communicator.exchange": {
                                                            "total": 50.84926599999999,
                                                            "count": 8,
                                                            "is_parallel": true,
                                                            "self": 50.84926599999999
                                                        },
                                                        "steps_from_proto": {
                                                            "total": 0.0016374000000034528,
                                                            "count": 8,
                                                            "is_parallel": true,
                                                            "self": 0.0006786000000111869,
                                                            "children": {
                                                                "_process_rank_one_or_two_observation": {
                                                                    "total": 0.0009587999999922658,
                                                                    "count": 16,
                                                                    "is_parallel": true,
                                                                    "self": 0.0009587999999922658
                                                                }
                                                            }
                                                        }
                                                    }
                                                }
                                            }
                                        }
                                    }
                                }
                            }
                        },
                        "trainer_advance": {
                            "total": 0.00019980000001851295,
                            "count": 8,
                            "self": 0.0001269000000121423,
                            "children": {
                                "process_trajectory": {
                                    "total": 7.290000000637065e-05,
                                    "count": 8,
                                    "self": 7.290000000637065e-05
                                }
                            }
                        }
                    }
                },
                "TrainerController._save_models": {
                    "total": 0.2598984999999914,
                    "count": 1,
                    "self": 2.3499999969089913e-05,
                    "children": {
                        "RLTrainer._checkpoint": {
                            "total": 0.2598750000000223,
                            "count": 1,
                            "self": 0.2598750000000223
                        }
                    }
                }
            }
        }
    }
}