{
    "name": "root",
    "metadata": {
        "timer_format_version": "0.1.0",
        "start_time_seconds": "1751986827",
        "python_version": "3.9.0 (tags/v3.9.0:9cf6752, Oct  5 2020, 15:34:40) [MSC v.1927 64 bit (AMD64)]",
        "command_line_arguments": "C:\\Users\\saigo\\AppData\\Local\\Programs\\Python\\Python39\\Scripts\\mlagents-learn runner_config.yaml --run-id=runner_001 --force",
        "mlagents_version": "0.30.0",
        "mlagents_envs_version": "0.30.0",
        "communication_protocol_version": "1.5.0",
        "pytorch_version": "2.7.0+cpu",
        "numpy_version": "1.21.2",
        "end_time_seconds": "1751986976"
    },
    "total": 149.4912087,
    "count": 1,
    "self": 0.0063458999999852495,
    "children": {
        "run_training.setup": {
            "total": 0.20048840000000023,
            "count": 1,
            "self": 0.20048840000000023
        },
        "TrainerController.start_learning": {
            "total": 149.2843744,
            "count": 1,
            "self": 0.00044959999996763145,
            "children": {
                "TrainerController._reset_env": {
                    "total": 18.3935195,
                    "count": 1,
                    "self": 18.3935195
                },
                "TrainerController.advance": {
                    "total": 130.64888050000002,
                    "count": 10,
                    "self": 0.0001694000000043161,
                    "children": {
                        "env_step": {
                            "total": 130.6484952,
                            "count": 10,
                            "self": 130.6472223,
                            "children": {
                                "SubprocessEnvManager._take_step": {
                                    "total": 0.00117990000000745,
                                    "count": 10,
                                    "self": 0.00117990000000745
                                },
                                "workers": {
                                    "total": 9.299999999967667e-05,
                                    "count": 9,
                                    "self": 0.0,
                                    "children": {
                                        "worker_root": {
                                            "total": 62.33485449999999,
                                            "count": 9,
                                            "is_parallel": true,
                                            "self": 3.866156999999987,
                                            "children": {
                                                "steps_from_proto": {
                                                    "total": 0.0029703999999988184,
                                                    "count": 1,
                                                    "is_parallel": true,
                                                    "self": 0.00015769999999903916,
                                                    "children": {
                                                        "_process_rank_one_or_two_observation": {
                                                            "total": 0.0028126999999997793,
                                                            "count": 2,
                                                            "is_parallel": true,
                                                            "self": 0.0028126999999997793
                                                        }
                                                    }
                                                },
                                                "UnityEnvironment.step": {
                                                    "total": 58.46572710000001,
                                                    "count": 9,
                                                    "is_parallel": true,
                                                    "self": 0.0011252000000112616,
                                                    "children": {
                                                        "UnityEnvironment._generate_step_input": {
                                                            "total": 0.0005311999999833006,
                                                            "count": 9,
                                                            "is_parallel": true,
                                                            "self": 0.0005311999999833006
                                                        },
                                                        "communicator.exchange": {
                                                            "total": 58.46217039999999,
                                                            "count": 9,
                                                            "is_parallel": true,
                                                            "self": 58.46217039999999
                                                        },
                                                        "steps_from_proto": {
                                                            "total": 0.0019003000000239467,
                                                            "count": 9,
                                                            "is_parallel": true,
                                                            "self": 0.0007611000000267154,
                                                            "children": {
                                                                "_process_rank_one_or_two_observation": {
                                                                    "total": 0.0011391999999972313,
                                                                    "count": 18,
                                                                    "is_parallel": true,
                                                                    "self": 0.0011391999999972313
                                                                }
                                                            }
                                                        }
                                                    }
                                                }
                                            }
                                        }
                                    }
                                }
                            }
                        },
                        "trainer_advance": {
                            "total": 0.00021590000000060172,
                            "count": 9,
                            "self": 0.0001331999999791833,
                            "children": {
                                "process_trajectory": {
                                    "total": 8.270000002141842e-05,
                                    "count": 9,
                                    "self": 8.270000002141842e-05
                                }
                            }
                        }
                    }
                },
                "TrainerController._save_models": {
                    "total": 0.24152480000000764,
                    "count": 1,
                    "self": 3.570000001218432e-05,
                    "children": {
                        "RLTrainer._checkpoint": {
                            "total": 0.24148909999999546,
                            "count": 1,
                            "self": 0.24148909999999546
                        }
                    }
                }
            }
        }
    }
}