{"count":1,"self":138.0880128,"total":296.243356,"children":{"InitializeActuators":{"count":155,"self":0.002607,"total":0.002607,"children":null},"InitializeSensors":{"count":155,"self":0.0018449999999999999,"total":0.0018449999999999999,"children":null},"AgentSendState":{"count":46664,"self":0.325221,"total":20.130509999999997,"children":{"CollectObservations":{"count":46664,"self":12.5635344,"total":12.563533999999999,"children":null},"WriteActionMask":{"count":46664,"self":0.060274999999999995,"total":0.060274999999999995,"children":null},"RequestDecision":{"count":46664,"self":0.239724,"total":7.18148,"children":{"AgentInfo.ToProto":{"count":41536,"self":0.175559,"total":6.941756,"children":{"GenerateSensorData":{"count":41536,"self":6.7661967999999995,"total":6.766197,"children":null}}}}}}},"DecideAction":{"count":46664,"self":116.2388352,"total":116.23883099999999,"children":null},"AgentAct":{"count":46664,"self":21.737247999999997,"total":21.737247999999997,"children":null},"AgentInfo.ToProto":{"count":280,"self":0.001516,"total":0.043712999999999995,"children":{"GenerateSensorData":{"count":280,"self":0.042197,"total":0.042197,"children":null}}}},"gauges":{"RunnerAgent.CumulativeReward":{"count":143,"max":82.27649,"min":14.2673063,"runningAverage":28.067028,"value":18.75634,"weightedAverage":20.2023964}},"metadata":{"timer_format_version":"0.1.0","start_time_seconds":"1753679376","unity_version":"2021.3.45f1","command_line_arguments":"\/Applications\/Unity\/Hub\/Editor\/2021.3.45f1\/Unity.app\/Contents\/MacOS\/Unity -projectpath \/Users\/muhammadsajjad\/Downloads\/RiverRunners -useHub -hubIPC -cloudEnvironment production -licensingIpc LicenseClient-asW2OMoXyg6uMIdxib38C -hubSessionId 9b6dc2f0-16df-49d5-ae14-070643797d9f -accessToken AEPnG72GMw2ugyT4uCicVBPvxvWje9SxhCiQ5oOr3MU008f","communication_protocol_version":"1.5.0","com.unity.ml-agents_version":"2.0.1","scene_name":"Level 14","end_time_seconds":"1753679672"}}