{"count":1,"self":57.130176,"total":230.36954799999998,"children":{"InitializeActuators":{"count":41,"self":0.0017469999999999999,"total":0.0017469999999999999,"children":null},"InitializeSensors":{"count":41,"self":0.001415,"total":0.001415,"children":null},"AgentSendState":{"count":14518,"self":0.12071899999999999,"total":63.794807999999996,"children":{"CollectObservations":{"count":14518,"self":61.111174399999996,"total":61.111172999999994,"children":null},"WriteActionMask":{"count":14518,"self":0.022298,"total":0.022298,"children":null},"RequestDecision":{"count":14518,"self":0.08197,"total":2.540618,"children":{"AgentInfo.ToProto":{"count":14518,"self":0.058101999999999994,"total":2.4586479999999997,"children":{"GenerateSensorData":{"count":14518,"self":2.400546,"total":2.400546,"children":null}}}}}}},"DecideAction":{"count":14518,"self":41.0220288,"total":41.02203,"children":null},"AgentAct":{"count":14518,"self":68.4082176,"total":68.408217,"children":null},"AgentInfo.ToProto":{"count":74,"self":0.000406,"total":0.010433999999999999,"children":{"GenerateSensorData":{"count":74,"self":0.010027999999999999,"total":0.010027999999999999,"children":null}}}},"gauges":{"RunnerAgent.CumulativeReward":{"count":34,"max":55.97411,"min":-1.88366663,"runningAverage":16.19647,"value":20.660717,"weightedAverage":10.13617}},"metadata":{"timer_format_version":"0.1.0","start_time_seconds":"1753451838","unity_version":"2021.3.45f1","command_line_arguments":"\/Applications\/Unity\/Hub\/Editor\/2021.3.45f1\/Unity.app\/Contents\/MacOS\/Unity -projectpath \/Users\/muhammadsajjad\/Downloads\/RiverRunners -useHub -hubIPC -cloudEnvironment production -licensingIpc LicenseClient-muhammadsajjad -hubSessionId caacd862-b6af-4912-9706-ba07ce78582c -accessToken P2MnPoiX_rFPhhMZB6ndXKdFOCq6nbOodEwNx8fBaI0008f","communication_protocol_version":"1.5.0","com.unity.ml-agents_version":"2.0.1","scene_name":"Level1-2ND 12","end_time_seconds":"1753452068"}}