{
    "name": "root",
    "gauges": {
        "RunnerAgent.Policy.Entropy.mean": {
            "value": 1.0324897766113281,
            "min": 1.0324897766113281,
            "max": 1.3814964294433594,
            "count": 34
        },
        "RunnerAgent.Policy.Entropy.sum": {
            "value": 10267.078125,
            "min": 10267.078125,
            "max": 13864.0517578125,
            "count": 34
        },
        "RunnerAgent.Step.mean": {
            "value": 419971.0,
            "min": 89912.0,
            "max": 419971.0,
            "count": 34
        },
        "RunnerAgent.Step.sum": {
            "value": 419971.0,
            "min": 89912.0,
            "max": 419971.0,
            "count": 34
        },
        "RunnerAgent.Policy.ExtrinsicValueEstimate.mean": {
            "value": -1.1860255002975464,
            "min": -2.6802563667297363,
            "max": -1.1860255002975464,
            "count": 34
        },
        "RunnerAgent.Policy.ExtrinsicValueEstimate.sum": {
            "value": -110.30037689208984,
            "min": -243.9033203125,
            "max": -110.30037689208984,
            "count": 34
        },
        "RunnerAgent.Environment.EpisodeLength.mean": {
            "value": 285.8888888888889,
            "min": 263.57894736842104,
            "max": 305.0,
            "count": 34
        },
        "RunnerAgent.Environment.EpisodeLength.sum": {
            "value": 10292.0,
            "min": 8120.0,
            "max": 10361.0,
            "count": 34
        },
        "RunnerAgent.Environment.CumulativeReward.mean": {
            "value": -1.4477996921965055,
            "min": -2.805999810083045,
            "max": -1.4477996921965055,
            "count": 34
        },
        "RunnerAgent.Environment.CumulativeReward.sum": {
            "value": -50.67298922687769,
            "min": -101.01599316298962,
            "max": -50.67298922687769,
            "count": 34
        },
        "RunnerAgent.Policy.ExtrinsicReward.mean": {
            "value": -1.4477996921965055,
            "min": -2.805999810083045,
            "max": -1.4477996921965055,
            "count": 34
        },
        "RunnerAgent.Policy.ExtrinsicReward.sum": {
            "value": -50.67298922687769,
            "min": -101.01599316298962,
            "max": -50.67298922687769,
            "count": 34
        },
        "RunnerAgent.IsTraining.mean": {
            "value": 1.0,
            "min": 1.0,
            "max": 1.0,
            "count": 34
        },
        "RunnerAgent.IsTraining.sum": {
            "value": 1.0,
            "min": 1.0,
            "max": 1.0,
            "count": 34
        },
        "RunnerAgent.Losses.PolicyLoss.mean": {
            "value": 0.021734840548985328,
            "min": 0.021734840548985328,
            "max": 0.028060611931141465,
            "count": 8
        },
        "RunnerAgent.Losses.PolicyLoss.sum": {
            "value": 0.021734840548985328,
            "min": 0.021734840548985328,
            "max": 0.028060611931141465,
            "count": 8
        },
        "RunnerAgent.Losses.ValueLoss.mean": {
            "value": 0.026766596268862484,
            "min": 0.018593171774409712,
            "max": 0.054131722962483766,
            "count": 8
        },
        "RunnerAgent.Losses.ValueLoss.sum": {
            "value": 0.026766596268862484,
            "min": 0.018593171774409712,
            "max": 0.054131722962483766,
            "count": 8
        },
        "RunnerAgent.Policy.LearningRate.mean": {
            "value": 0.0003,
            "min": 0.0003,
            "max": 0.0003,
            "count": 8
        },
        "RunnerAgent.Policy.LearningRate.sum": {
            "value": 0.0003,
            "min": 0.0003,
            "max": 0.0003,
            "count": 8
        },
        "RunnerAgent.Policy.Epsilon.mean": {
            "value": 0.20000000000000004,
            "min": 0.20000000000000004,
            "max": 0.20000000000000004,
            "count": 8
        },
        "RunnerAgent.Policy.Epsilon.sum": {
            "value": 0.20000000000000004,
            "min": 0.20000000000000004,
            "max": 0.20000000000000004,
            "count": 8
        },
        "RunnerAgent.Policy.Beta.mean": {
            "value": 0.01,
            "min": 0.01,
            "max": 0.01,
            "count": 8
        },
        "RunnerAgent.Policy.Beta.sum": {
            "value": 0.01,
            "min": 0.01,
            "max": 0.01,
            "count": 8
        }
    },
    "metadata": {
        "timer_format_version": "0.1.0",
        "start_time_seconds": "1752323864",
        "python_version": "3.9.0 (tags/v3.9.0:9cf6752, Oct  5 2020, 15:34:40) [MSC v.1927 64 bit (AMD64)]",
        "command_line_arguments": "C:\\Users\\saigo\\OneDrive\\Documents\\TU Dresden\\rr2\\RiverRunners\\mlagents-env\\Scripts\\mlagents-learn runner_config.yaml --run-id=train --resume",
        "mlagents_version": "0.30.0",
        "mlagents_envs_version": "0.30.0",
        "communication_protocol_version": "1.5.0",
        "pytorch_version": "2.7.1+cpu",
        "numpy_version": "1.21.2",
        "end_time_seconds": "1752328039"
    },
    "total": 4174.776412900001,
    "count": 1,
    "self": 0.009086800001568918,
    "children": {
        "run_training.setup": {
            "total": 0.14764590000000055,
            "count": 1,
            "self": 0.14764590000000055
        },
        "TrainerController.start_learning": {
            "total": 4174.6196801999995,
            "count": 1,
            "self": 7.149031099981585,
            "children": {
                "TrainerController._reset_env": {
                    "total": 8.516958800000001,
                    "count": 1,
                    "self": 8.516958800000001
                },
                "TrainerController.advance": {
                    "total": 4158.683958300018,
                    "count": 344071,
                    "self": 6.11053070023263,
                    "children": {
                        "env_step": {
                            "total": 4054.5281698999597,
                            "count": 344071,
                            "self": 3682.6581477001596,
                            "children": {
                                "SubprocessEnvManager._take_step": {
                                    "total": 367.04287480000085,
                                    "count": 344071,
                                    "self": 19.886538599975097,
                                    "children": {
                                        "TorchPolicy.evaluate": {
                                            "total": 347.15633620002575,
                                            "count": 344071,
                                            "self": 347.15633620002575
                                        }
                                    }
                                },
                                "workers": {
                                    "total": 4.827147399799264,
                                    "count": 344070,
                                    "self": 0.0,
                                    "children": {
                                        "worker_root": {
                                            "total": 4158.501890699989,
                                            "count": 344070,
                                            "is_parallel": true,
                                            "self": 831.4271139999578,
                                            "children": {
                                                "steps_from_proto": {
                                                    "total": 0.0044122999999993695,
                                                    "count": 1,
                                                    "is_parallel": true,
                                                    "self": 0.001402499999998419,