{
    "name": "root",
    "gauges": {
        "RunnerAgent.Policy.Entropy.mean": {
            "value": 0.5997982025146484,
            "min": 0.5955506563186646,
            "max": 1.1439554691314697,
            "count": 97
        },
        "RunnerAgent.Policy.Entropy.sum": {
            "value": 601.5975952148438,
            "min": 597.932861328125,
            "max": 1535.188232421875,
            "count": 97
        },
        "RunnerAgent.Environment.EpisodeLength.mean": {
            "value": 500.5,
            "min": 446.3333333333333,
            "max": 501.5,
            "count": 97
        },
        "RunnerAgent.Environment.EpisodeLength.sum": {
            "value": 1001.0,
            "min": 901.0,
            "max": 1339.0,
            "count": 97
        },
        "RunnerAgent.Step.mean": {
            "value": 96790.0,
            "min": 917.0,
            "max": 96790.0,
            "count": 97
        },
        "RunnerAgent.Step.sum": {
            "value": 96790.0,
            "min": 917.0,
            "max": 96790.0,
            "count": 97
        },
        "RunnerAgent.Policy.ExtrinsicValueEstimate.mean": {
            "value": 0.12340334802865982,
            "min": -1.1397647857666016,
            "max": 0.23759789764881134,
            "count": 97
        },
        "RunnerAgent.Policy.ExtrinsicValueEstimate.sum": {
            "value": 0.24680669605731964,
            "min": -2.279529571533203,
            "max": 0.4751957952976227,
            "count": 97
        },
        "RunnerAgent.Environment.CumulativeReward.mean": {
            "value": 0.5484998822212219,
            "min": -0.15200015902519226,
            "max": 0.698499858379364,
            "count": 97
        },
        "RunnerAgent.Environment.CumulativeReward.sum": {
            "value": 1.0969997644424438,
            "min": -0.3040003180503845,
            "max": 1.396999716758728,
            "count": 97
        },
        "RunnerAgent.Policy.ExtrinsicReward.mean": {
            "value": 0.5484998822212219,
            "min": -0.15200015902519226,
            "max": 0.698499858379364,
            "count": 97
        },
        "RunnerAgent.Policy.ExtrinsicReward.sum": {
            "value": 1.0969997644424438,
            "min": -0.3040003180503845,
            "max": 1.396999716758728,
            "count": 97
        },
        "RunnerAgent.IsTraining.mean": {
            "value": 1.0,
            "min": 1.0,
            "max": 1.0,
            "count": 97
        },
        "RunnerAgent.IsTraining.sum": {
            "value": 1.0,
            "min": 1.0,
            "max": 1.0,
            "count": 97
        },
        "RunnerAgent.Losses.PolicyLoss.mean": {
            "value": 0.10178946202987024,
            "min": 0.08771134952369791,
            "max": 0.11194891878204723,
            "count": 38
        },
        "RunnerAgent.Losses.PolicyLoss.sum": {
            "value": 0.10178946202987024,
            "min": 0.08771134952369791,
            "max": 0.11194891878204723,
            "count": 38
        },
        "RunnerAgent.Losses.ValueLoss.mean": {
            "value": 0.007422805737910999,
            "min": 0.0031368353137443974,
            "max": 0.21322345390432962,
            "count": 38
        },
        "RunnerAgent.Losses.ValueLoss.sum": {
            "value": 0.007422805737910999,
            "min": 0.0031368353137443974,
            "max": 0.21322345390432962,
            "count": 38
        },
        "RunnerAgent.Policy.LearningRate.mean": {
            "value": 0.00029431296189567994,
            "min": 0.00029431296189567994,
            "max": 0.00029985930004689995,
            "count": 38
        },
        "RunnerAgent.Policy.LearningRate.sum": {
            "value": 0.00029431296189567994,
            "min": 0.00029431296189567994,
            "max": 0.00029985930004689995,
            "count": 38
        },
        "RunnerAgent.Policy.Epsilon.mean": {
            "value": 0.19810432,
            "min": 0.19810432,
            "max": 0.19995309999999997,
            "count": 38
        },
        "RunnerAgent.Policy.Epsilon.sum": {
            "value": 0.19810432,
            "min": 0.19810432,
            "max": 0.19995309999999997,
            "count": 38
        },
        "RunnerAgent.Policy.Beta.mean": {
            "value": 0.004905405568000001,
            "min": 0.004905405568000001,
            "max": 0.0049976596900000005,
            "count": 38
        },
        "RunnerAgent.Policy.Beta.sum": {
            "value": 0.004905405568000001,
            "min": 0.004905405568000001,
            "max": 0.0049976596900000005,
            "count": 38
        }
    },
    "metadata": {
        "timer_format_version": "0.1.0",
        "start_time_seconds": "1751989581",
        "python_version": "3.9.0 (tags/v3.9.0:9cf6752, Oct  5 2020, 15:34:40) [MSC v.1927 64 bit (AMD64)]",
        "command_line_arguments": "C:\\Users\\saigo\\OneDrive\\Documents\\TU Dresden\\rr\\RiverRunners\\mlagent\\Scripts\\mlagents-learn ML/runner_config.yaml --run-id=runner_001 --force",
        "mlagents_version": "0.30.0",
        "mlagents_envs_version": "0.30.0",
        "communication_protocol_version": "1.5.0",
        "pytorch_version": "2.7.1+cpu",
        "numpy_version": "1.21.2",
        "end_time_seconds": "1751990991"
    },
    "total": 1410.0284854,
    "count": 1,
    "self": 0.007962399999769332,
    "children": {
        "run_training.setup": {
            "total": 0.14485970000000004,
            "count": 1,
            "self": 0.14485970000000004
        },
        "TrainerController.start_learning": {
            "total": 1409.8756633,
            "count": 1,
            "self": 1.9612130999723831,
            "children": {
                "TrainerController._reset_env": {
                    "total": 36.824040600000004,
                    "count": 1,
                    "self": 36.824040600000004
                },
                "TrainerController.advance": {
                    "total": 1370.6530307000278,
                    "count": 97592,
                    "self": 1.716376700077035,
                    "children": {
                        "env_step": {
                            "total": 1325.5608836999604,
                            "count": 97592,
                            "self": 1220.460233199968,
                            "children": {
                                "SubprocessEnvManager._take_step": {
                                    "total": 103.76714659999702,
                                    "count": 97592,
                                    "self": 5.411145600000751,
                                    "children": {
                                        "TorchPolicy.evaluate": {
                                            "total": 98.35600099999627,
                                            "count": 97592,
                                            "self": 98.35600099999627
                                        }
                                    }
                                },
                                "workers": {
                                    "total": 1.3335038999954278,
                                    "count": 97591,
                                    "self": 0.0,
                                    "children": {
                                        "worker_root": {
                                            "total": 1372.0113332999852,
                                            "count": 97591,
                                            "is_parallel": true,
                                            "self": 254.48476219999293,
                                            "children": {
                                                "steps_from_proto": {
                                                    "total": 0.003424000000002536,
                                                    "count": 1,